{
  "label": "Version management",
  "actions": {
    "cancelSave": "Cancel",
    "newVersion": "New version",
    "editVersion": "Version settings",
    "refreshVersions": "Refresh list",
    "searchVersions": "Search my versions",
    "saveVersion": "Save",
    "switchToVersion": "Switch to version"
  },
  "accessLevels": {
    "private": "Private",
    "protected": "Protected",
    "public": "Public"
  },
  "executionErrors": {
    "invalidVersionName": "Invalid version name.",
    "noAdvancedEditingUserTypeExtension": "The logged in account is missing a license for the Advanced Editing user type extension.",
    "noFeatureServiceFound": "No FeatureService was found.",
    "notValidEnterpriseVersion": "Versioning API requires ArcGIS Enterprise version 11.2 or higher.",
    "noVersionManagementServiceFound": "No VersionManagementService was found."
  },
  "headers": {
    "manageVersions": "Manage versions"
  },
  "input": {
    "versionAccess": "Access",
    "versionDescription": "Description",
    "versionName": "Name",
    "versionOwner": "Owner"
  },
  "loadErrors": {
    "noFeatureServices": "No featureServices were found in 'layers'.",
    "noLayersProperty": "Property 'layers' is missing on VersionManagementViewModel."
  }
}
